"id","createdAt","processingDuration"
"120876","2023-07-31 07:55:15.232917","16.662322"
"120877","2023-07-31 07:55:16.136115","63.134558"
"120878","2023-07-31 07:55:17.135793","85.623044"
"120879","2023-07-31 07:55:18.150973","81.690735"
"120880","2023-07-31 07:55:19.148507","13.05353"
"120881","2023-07-31 07:55:20.139805","221.363912"
"120882","2023-07-31 07:55:21.145567","15.124808"
"120883","2023-07-31 07:55:22.140566","21.257161"
"120884","2023-07-31 07:55:23.143702","23.492506"
"120885","2023-07-31 07:55:24.155342","44.713041"
"120886","2023-07-31 07:55:25.137427","20.165972"
"120887","2023-07-31 07:55:26.154273","35.7513"
"120888","2023-07-31 07:55:27.148173","13.414516"
"120889","2023-07-31 07:55:28.14627","66.17639"
"120890","2023-07-31 07:55:29.14522","32.355077"
"120891","2023-07-31 07:55:30.142562","177.374382"
"120892","2023-07-31 07:55:31.142613","94.789592"
"120893","2023-07-31 07:55:32.144718","22.00787"
"120894","2023-07-31 07:55:33.144569","124.658116"
"120895","2023-07-31 07:55:34.136515","196.361485"
"120896","2023-07-31 07:55:35.155751","26.635257"
"120897","2023-07-31 07:55:36.149691","27.041081"
"120898","2023-07-31 07:55:37.145595","93.043982"
"120899","2023-07-31 07:55:38.143817","92.806034"
"120900","2023-07-31 07:55:39.138622","241.827846"
"120901","2023-07-31 07:55:40.140752","32.778668"
"120902","2023-07-31 07:55:41.154838","158.187662"
"120903","2023-07-31 07:55:42.151037","35.079159"
"120904","2023-07-31 07:55:43.142256","194.462624"
"120905","2023-07-31 07:55:44.156956","191.130503"
"120906","2023-07-31 07:55:45.152089","194.639801"
"120907","2023-07-31 07:55:46.147928","50.336396"
"120908","2023-07-31 07:55:47.14288","98.968546"
"120909","2023-07-31 07:55:48.144122","146.616818"
"120910","2023-07-31 07:55:49.150187","113.173113"
"120911","2023-07-31 07:55:50.196535","16.611758"
"120912","2023-07-31 07:55:51.148464","98.17888"
"120913","2023-07-31 07:55:52.146548","13.891931"
"120914","2023-07-31 07:55:53.140949","125.091369"
"120915","2023-07-31 07:55:54.142884","171.275361"
"120916","2023-07-31 07:55:55.144398","203.673858"
"120917","2023-07-31 07:55:56.14368","104.108942"
"120918","2023-07-31 07:55:57.14105","184.804483"
"120919","2023-07-31 07:55:58.135636","60.600252"
"120920","2023-07-31 07:55:59.14574","150.763878"
"120921","2023-07-31 07:56:00.144319","178.390322"
"120922","2023-07-31 07:56:01.140944","17.293629"
"120923","2023-07-31 07:56:02.143475","15.839577"
"120924","2023-07-31 07:56:03.145015","162.864998"
"120925","2023-07-31 07:56:04.143942","36.957534"
"120926","2023-07-31 07:56:05.15222","170.179249"
"120927","2023-07-31 07:56:06.153641","175.67524"
"120928","2023-07-31 07:56:07.147247","208.692216"
"120929","2023-07-31 07:56:08.162798","146.557244"
"120930","2023-07-31 07:56:09.150651","170.851146"
"120931","2023-07-31 07:56:10.13848","199.582995"
"120932","2023-07-31 07:56:11.149484","140.7635"
"120933","2023-07-31 07:56:12.146346","165.502022"
"120934","2023-07-31 07:56:13.146607","12.853192"
"120935","2023-07-31 07:56:14.142481","192.157536"
"120936","2023-07-31 07:56:15.140444","14.117663"
"120937","2023-07-31 07:56:16.139136","147.624706"
"120938","2023-07-31 07:56:17.152454","165.987406"
"120939","2023-07-31 07:56:18.141251","189.246812"
"120940","2023-07-31 07:56:19.14159","191.524148"
"120941","2023-07-31 07:56:20.142113","17.730748"
"120942","2023-07-31 07:56:21.143155","173.355251"
"120943","2023-07-31 07:56:22.155692","152.283352"
"120944","2023-07-31 07:56:23.136738","50.302702"
"120945","2023-07-31 07:56:24.157919","26.217441"
"120946","2023-07-31 07:56:25.148487","176.194091"
"120947","2023-07-31 07:56:26.139345","14.561514"
"120948","2023-07-31 07:56:27.145804","154.413747"
"120949","2023-07-31 07:56:28.14163","184.698294"
"120950","2023-07-31 07:56:29.155089","166.888485"
"120951","2023-07-31 07:56:30.151341","24.969735"
"120952","2023-07-31 07:56:31.143087","27.311147"
"120953","2023-07-31 07:56:32.149381","164.305151"
"120954","2023-07-31 07:56:33.15484","174.441091"
"120955","2023-07-31 07:56:34.139555","18.417287"
"120956","2023-07-31 07:56:35.150563","38.190409"
"120957","2023-07-31 07:56:36.148786","174.582181"
"120958","2023-07-31 07:56:37.150761","168.415652"
"120959","2023-07-31 07:56:38.146847","27.830976"
"120960","2023-07-31 07:56:39.142923","20.167773"
"120961","2023-07-31 07:56:40.146605","31.126788"
"120962","2023-07-31 07:56:41.138058","150.771741"
"120963","2023-07-31 07:56:42.141692","161.310751"
"120964","2023-07-31 07:56:43.139641","141.345037"
"120965","2023-07-31 07:56:44.149551","132.591175"
"120966","2023-07-31 07:56:45.15058","191.452063"
"120967","2023-07-31 07:56:46.140702","56.143447"
"120968","2023-07-31 07:56:47.136959","121.670644"
"120969","2023-07-31 07:56:48.150961","34.550728"
"120970","2023-07-31 07:56:49.14251","197.455222"
"120971","2023-07-31 07:56:50.142826","165.477955"
"120972","2023-07-31 07:56:51.148962","148.88416"
"120973","2023-07-31 07:56:52.154955","183.183333"
"120974","2023-07-31 07:56:53.133589","131.417708"
"120975","2023-07-31 07:56:54.135355","93.184894"
"120976","2023-07-31 07:56:55.142639","165.052861"
"120977","2023-07-31 07:56:56.139975","143.631862"
"120978","2023-07-31 07:56:57.152957","89.512429"
"120979","2023-07-31 07:56:58.136897","156.58164"
"120980","2023-07-31 07:56:59.152442","185.987307"
"120981","2023-07-31 07:57:00.14623","94.955781"
"120982","2023-07-31 07:57:01.14404","149.485122"
"120983","2023-07-31 07:57:02.14661","21.336447"
"120984","2023-07-31 07:57:03.15378","188.310313"
"120985","2023-07-31 07:57:04.149593","23.36928"
"120986","2023-07-31 07:57:05.142061","25.199812"
"120987","2023-07-31 07:57:06.151966","18.974618"
"120988","2023-07-31 07:57:07.137291","191.092416"
"120989","2023-07-31 07:57:08.14276","169.364194"
"120990","2023-07-31 07:57:09.143329","173.915772"
"120991","2023-07-31 07:57:10.143377","142.376381"
"120992","2023-07-31 07:57:11.148376","38.405238"
"120993","2023-07-31 07:57:12.146369","42.82003"
"120994","2023-07-31 07:57:13.145347","16.945456"
"120995","2023-07-31 07:57:14.14161","46.937904"
"120996","2023-07-31 07:57:15.140708","181.527651"
"120997","2023-07-31 07:57:16.144777","127.850721"
"120998","2023-07-31 07:57:17.143904","166.931218"
"120999","2023-07-31 07:57:18.146453","171.130582"
"121000","2023-07-31 07:57:19.137567","175.997418"
"121001","2023-07-31 07:57:20.145747","172.752823"
"121002","2023-07-31 07:57:21.144239","58.570277"
"121003","2023-07-31 07:57:22.14095","32.461128"
"121004","2023-07-31 07:57:23.139585","165.021446"
"121005","2023-07-31 07:57:24.141735","146.460963"
"121006","2023-07-31 07:57:25.15705","143.474603"
"121007","2023-07-31 07:57:26.141027","159.820349"
"121008","2023-07-31 07:57:27.143385","203.701685"
"121009","2023-07-31 07:57:28.155996","26.884981"
"121010","2023-07-31 07:57:29.147801","31.056965"
"121011","2023-07-31 07:57:30.146179","187.127675"
"121012","2023-07-31 07:57:31.144402","33.950229"
"121013","2023-07-31 07:57:32.152025","38.539287"
"121014","2023-07-31 07:57:33.144588","184.901707"
"121015","2023-07-31 07:57:34.147356","159.448315"
"121016","2023-07-31 07:57:35.156127","170.751992"
"121017","2023-07-31 07:57:36.147075","28.575111"
"121018","2023-07-31 07:57:37.144515","21.510416"
"121019","2023-07-31 07:57:38.152426","75.056449"
"121020","2023-07-31 07:57:39.144491","141.920125"
"121021","2023-07-31 07:57:40.144373","127.493324"
"121022","2023-07-31 07:57:41.141321","193.879276"
"121023","2023-07-31 07:57:42.142327","102.014148"
"121024","2023-07-31 07:57:43.137148","156.869565"
"121025","2023-07-31 07:57:44.144685","125.224238"
"121026","2023-07-31 07:57:45.13695","92.452054"
"121027","2023-07-31 07:57:46.146847","169.530847"
"121028","2023-07-31 07:57:47.139113","151.550468"
"121029","2023-07-31 07:57:48.146862","147.790204"
"121030","2023-07-31 07:57:49.141039","61.93654"
"121031","2023-07-31 07:57:50.14678","26.127936"
"121032","2023-07-31 07:57:51.142548","44.704835"
"121033","2023-07-31 07:57:52.14289","24.392322"
"121034","2023-07-31 07:57:53.142854","73.692042"
"121035","2023-07-31 07:57:54.14415","158.728345"
"121036","2023-07-31 07:57:55.148376","138.731345"
"121037","2023-07-31 07:57:56.135964","62.219672"
"121038","2023-07-31 07:57:57.140917","181.230221"
"121039","2023-07-31 07:57:58.145984","138.058074"
"121040","2023-07-31 07:57:59.144094","185.986496"
"121041","2023-07-31 07:58:00.161353","143.676223"
"121042","2023-07-31 07:58:01.143591","184.318772"
"121043","2023-07-31 07:58:02.146997","127.245761"
"121044","2023-07-31 07:58:03.148046","141.553093"
"121045","2023-07-31 07:58:04.149993","180.202771"
"121046","2023-07-31 07:58:05.141834","180.666373"
"121047","2023-07-31 07:58:06.143541","181.294762"
"121048","2023-07-31 07:58:07.142745","169.68868"
"121049","2023-07-31 07:58:08.148133","167.70962"
"121050","2023-07-31 07:58:09.146601","103.26605"
"121051","2023-07-31 07:58:10.146018","170.22665"
"121052","2023-07-31 07:58:11.142137","236.6768"
"121053","2023-07-31 07:58:12.149402","29.643788"
"121054","2023-07-31 07:58:13.145767","177.120044"
"121055","2023-07-31 07:58:14.148133","165.314936"
"121056","2023-07-31 07:58:15.150379","91.911707"
"121057","2023-07-31 07:58:16.139112","21.256117"
"121058","2023-07-31 07:58:17.139139","225.078906"
"121059","2023-07-31 07:58:18.13267","25.075134"
"121060","2023-07-31 07:58:19.145802","86.192827"
"121061","2023-07-31 07:58:20.134211","171.69871"
"121062","2023-07-31 07:58:21.153454","156.068441"
"121063","2023-07-31 07:58:22.154197","136.514628"
"121064","2023-07-31 07:58:23.147282","23.380081"
"121065","2023-07-31 07:58:24.153135","94.280678"
"121066","2023-07-31 07:58:25.155573","180.9917"
"121067","2023-07-31 07:58:26.152367","146.840501"
"121068","2023-07-31 07:58:27.150311","123.17017"
"121069","2023-07-31 07:58:28.147169","92.841593"
"121070","2023-07-31 07:58:29.138385","217.165539"
"121071","2023-07-31 07:58:30.15064","122.865587"
"121072","2023-07-31 07:58:31.152636","217.714128"
"121073","2023-07-31 07:58:32.150787","197.780762"
"121074","2023-07-31 07:58:33.149079","164.496946"
"121075","2023-07-31 07:58:34.158998","69.604068"
"121076","2023-07-31 07:58:35.14818","196.68472"
"121077","2023-07-31 07:58:36.141807","124.268686"
"121078","2023-07-31 07:58:37.155098","166.318327"
"121079","2023-07-31 07:58:38.145372","69.292351"
"121080","2023-07-31 07:58:39.149531","203.48463"
"121081","2023-07-31 07:58:40.153609","166.749482"
"121082","2023-07-31 07:58:41.145876","84.290493"
"121083","2023-07-31 07:58:42.150683","192.652839"
"121084","2023-07-31 07:58:43.137536","137.039319"
"121085","2023-07-31 07:58:44.151771","116.551629"
"121086","2023-07-31 07:58:45.148863","138.855749"
"121087","2023-07-31 07:58:46.138608","114.447788"
"121088","2023-07-31 07:58:47.141514","154.584003"
"121089","2023-07-31 07:58:48.153282","189.092695"
"121090","2023-07-31 07:58:49.139559","209.190658"
"121091","2023-07-31 07:58:50.142753","177.134302"
"121092","2023-07-31 07:58:51.141622","156.327065"
"121096","2023-07-31 07:58:52.137138","198.681902"
"121093","2023-07-31 07:58:53.154746","192.555946"
"121094","2023-07-31 07:58:54.139075","152.433035"
"121095","2023-07-31 07:58:55.155049","142.716163"
"121097","2023-07-31 07:58:56.143772","169.77472"
"121098","2023-07-31 07:58:57.156373","72.049781"
"121099","2023-07-31 07:58:58.132344","195.152895"
"121100","2023-07-31 07:58:59.137864","103.636607"
"121101","2023-07-31 07:59:00.146436","74.166503"
"121102","2023-07-31 07:59:01.143254","91.324159"
"121103","2023-07-31 07:59:02.15077","150.823356"
"121104","2023-07-31 07:59:03.15155","51.89667"
"121105","2023-07-31 07:59:04.148486","154.906426"
"121106","2023-07-31 07:59:05.142621","159.656533"
"121107","2023-07-31 07:59:06.142827","100.750322"
"121108","2023-07-31 07:59:07.142222","138.750566"
"121109","2023-07-31 07:59:08.157555","172.515375"
"121110","2023-07-31 07:59:09.152379","149.123845"
"121111","2023-07-31 07:59:10.147061","186.450414"
"121112","2023-07-31 07:59:11.154283","157.711501"
"121113","2023-07-31 07:59:12.14884","176.181759"
"121114","2023-07-31 07:59:13.144439","151.058217"
"121115","2023-07-31 07:59:14.136406","133.811949"
"121116","2023-07-31 07:59:15.146792","129.024173"
"121117","2023-07-31 07:59:16.138587","175.287425"
"121118","2023-07-31 07:59:17.135595","131.190989"
"121119","2023-07-31 07:59:18.137562","145.840819"
"121120","2023-07-31 07:59:19.149642","125.696248"
"121121","2023-07-31 07:59:20.141428","134.16997"
"121122","2023-07-31 07:59:21.155665","112.436695"
"121123","2023-07-31 07:59:22.153834","71.396248"
"121124","2023-07-31 07:59:23.156638","128.935818"
"121125","2023-07-31 07:59:24.146448","84.261975"
"121126","2023-07-31 07:59:25.147336","176.796861"
"121127","2023-07-31 07:59:26.140467","120.828752"
"121128","2023-07-31 07:59:27.148971","140.627455"
"121129","2023-07-31 07:59:28.152708","155.012488"
"121130","2023-07-31 07:59:29.141782","154.332699"
"121131","2023-07-31 07:59:30.139723","166.806567"
"121132","2023-07-31 07:59:31.143166","139.086879"
"121133","2023-07-31 07:59:32.150181","146.754971"
"121134","2023-07-31 07:59:33.151435","163.439929"
"121135","2023-07-31 07:59:34.13886","164.39265"
"121136","2023-07-31 07:59:35.151543","146.447561"
"121137","2023-07-31 07:59:36.151879","146.752978"
"121138","2023-07-31 07:59:37.140294","159.769436"
"121139","2023-07-31 07:59:38.147916","112.854461"
"121140","2023-07-31 07:59:39.148335","125.791973"
"121141","2023-07-31 07:59:40.137803","153.042478"
"121142","2023-07-31 07:59:41.142666","156.769208"
"121143","2023-07-31 07:59:42.147601","53.005177"
"121144","2023-07-31 07:59:43.156138","140.263714"
"121145","2023-07-31 07:59:44.152415","53.05009"
"121146","2023-07-31 07:59:45.141362","162.256116"
"121147","2023-07-31 07:59:46.13989","178.988482"
"121148","2023-07-31 07:59:47.152544","176.227345"
"121149","2023-07-31 07:59:48.166069","198.16103"
"121150","2023-07-31 07:59:49.15057","62.887564"
"121151","2023-07-31 07:59:50.14168","194.091697"
"121152","2023-07-31 07:59:51.136583","191.445676"
"121153","2023-07-31 07:59:52.148153","170.896882"
"121154","2023-07-31 07:59:53.146308","76.488914"
"121155","2023-07-31 07:59:54.148803","69.910295"
"121156","2023-07-31 07:59:55.141811","47.972947"
"121157","2023-07-31 07:59:56.142931","75.392705"
"121158","2023-07-31 07:59:57.138531","186.885279"
"121159","2023-07-31 07:59:58.150909","186.438704"
"121160","2023-07-31 07:59:59.148878","168.330607"
"121161","2023-07-31 08:00:00.146388","62.710517"
"121162","2023-07-31 08:00:01.162479","191.58562"
"121163","2023-07-31 08:00:02.150092","183.009406"
"121164","2023-07-31 08:00:03.138134","76.31692"
"121165","2023-07-31 08:00:04.150383","178.34538"
"121166","2023-07-31 08:00:05.136744","62.499922"
"121167","2023-07-31 08:00:06.145572","179.146277"
"121168","2023-07-31 08:00:07.138216","178.380006"
"121169","2023-07-31 08:00:08.149674","177.286545"
"121172","2023-07-31 08:00:09.143597","194.095226"
"121173","2023-07-31 08:00:10.145531","73.870287"
"121174","2023-07-31 08:00:11.137591","184.58362"
"121175","2023-07-31 08:00:12.143055","212.297613"
"121176","2023-07-31 08:00:13.146674","181.629767"
"121177","2023-07-31 08:00:14.133876","203.130613"
"121178","2023-07-31 08:00:15.140475","152.066384"
"121179","2023-07-31 08:00:16.180408","197.566574"
"121180","2023-07-31 08:00:17.13506","202.10277"
"121181","2023-07-31 08:00:18.15757","130.56847"
"121182","2023-07-31 08:00:19.147768","96.88612"
"121183","2023-07-31 08:00:20.15295","63.529075"
"121184","2023-07-31 08:00:21.140638","124.017284"
"121185","2023-07-31 08:00:22.14927","171.050054"
"121186","2023-07-31 08:00:23.138059","196.234316"
"121187","2023-07-31 08:00:24.135409","154.578378"
"121188","2023-07-31 08:00:25.145954","146.315082"
"121189","2023-07-31 08:00:26.144605","104.878325"
"121190","2023-07-31 08:00:27.138535","201.268416"
"121191","2023-07-31 08:00:28.15126","246.007432"
"121192","2023-07-31 08:00:29.14342","207.47971"
"121193","2023-07-31 08:00:30.150387","186.534104"
"121194","2023-07-31 08:00:31.154876","169.388736"
"121195","2023-07-31 08:00:32.158734","106.214067"
"121196","2023-07-31 08:00:33.134261","161.285983"
"121197","2023-07-31 08:00:34.141569","134.670123"
"121198","2023-07-31 08:00:35.148295","189.94289"
"121199","2023-07-31 08:00:36.146429","190.389386"
"121200","2023-07-31 08:00:37.157091","189.845508"
"121201","2023-07-31 08:00:38.151505","221.262775"
"121202","2023-07-31 08:00:39.143817","210.574375"
"121203","2023-07-31 08:00:40.155327","176.921416"
"121204","2023-07-31 08:00:41.146881","190.943405"
"121205","2023-07-31 08:00:42.141567","123.123745"
"121206","2023-07-31 08:00:43.150477","174.157565"
"121207","2023-07-31 08:00:44.147771","144.99092"
"121208","2023-07-31 08:00:45.146335","223.081185"
"121209","2023-07-31 08:00:46.141671","98.996502"
"121210","2023-07-31 08:00:47.149859","200.031459"
"121211","2023-07-31 08:00:48.138666","141.549806"
"121212","2023-07-31 08:00:49.133087","178.195508"
"121213","2023-07-31 08:00:50.144238","201.558872"
"121214","2023-07-31 08:00:51.152006","201.143008"
"121215","2023-07-31 08:00:52.149009","159.031913"
"121216","2023-07-31 08:00:53.14751","192.329036"
"121217","2023-07-31 08:00:54.143079","168.336653"
"121218","2023-07-31 08:00:55.140392","222.365533"
"121219","2023-07-31 08:00:56.142436","83.988845"
"121220","2023-07-31 08:00:57.13972","187.158339"
"121221","2023-07-31 08:00:58.141737","155.556091"
"121222","2023-07-31 08:00:59.144292","161.075396"
"121223","2023-07-31 08:01:00.14683","185.855217"
"121224","2023-07-31 08:01:01.13768","216.144884"
"121225","2023-07-31 08:01:02.142704","213.75286"
"121226","2023-07-31 08:01:03.159368","209.30689"
"121227","2023-07-31 08:01:04.149555","151.49482"
"121228","2023-07-31 08:01:05.139535","175.5079"
"121229","2023-07-31 08:01:06.134555","179.633023"
"121230","2023-07-31 08:01:07.142077","200.777802"
"121231","2023-07-31 08:01:08.155666","181.783621"
"121232","2023-07-31 08:01:09.14539","202.598975"
"121233","2023-07-31 08:01:10.1403","148.37045"
"121234","2023-07-31 08:01:11.143092","171.99098"
"121235","2023-07-31 08:01:12.138794","70.156825"
"121236","2023-07-31 08:01:13.146361","200.71922"
"121237","2023-07-31 08:01:14.14933","201.290939"
"121238","2023-07-31 08:01:15.149554","197.661579"
"121239","2023-07-31 08:01:16.151431","176.351712"
"121240","2023-07-31 08:01:17.145565","201.621362"
"121241","2023-07-31 08:01:18.146613","197.470779"
"121242","2023-07-31 08:01:19.14847","195.326185"
"121243","2023-07-31 08:01:20.14084","174.025888"
"121244","2023-07-31 08:01:21.14168","198.037651"
"121245","2023-07-31 08:01:22.144618","235.666849"
"121246","2023-07-31 08:01:23.134251","232.891702"
"121247","2023-07-31 08:01:24.145794","191.3017"
"121248","2023-07-31 08:01:25.144421","119.455956"
"121249","2023-07-31 08:01:26.143716","68.017118"
"121250","2023-07-31 08:01:27.143422","199.325075"
"121251","2023-07-31 08:01:28.138009","63.647875"
"121252","2023-07-31 08:01:29.147015","222.717423"
"121253","2023-07-31 08:01:30.14777","73.759617"
"121254","2023-07-31 08:01:31.149409","77.814601"
"121255","2023-07-31 08:01:32.142666","55.491938"
"121256","2023-07-31 08:01:33.147713","132.527485"
"121257","2023-07-31 08:01:34.13534","95.07308"
"121258","2023-07-31 08:01:35.150921","54.597352"
"121259","2023-07-31 08:01:36.13947","159.635396"
"121260","2023-07-31 08:01:37.144123","148.568263"
"121261","2023-07-31 08:01:38.156402","179.266881"
"121262","2023-07-31 08:01:39.160677","180.345826"
"121263","2023-07-31 08:01:40.14221","229.438228"
"121264","2023-07-31 08:01:41.134858","232.900342"
"121265","2023-07-31 08:01:42.150368","195.043066"
"121266","2023-07-31 08:01:43.145854","204.956196"
"121267","2023-07-31 08:01:44.136223","180.782605"
"121268","2023-07-31 08:01:45.146334","186.300443"
"121269","2023-07-31 08:01:46.152305","181.493893"
"121270","2023-07-31 08:01:47.156096","206.755232"
"121271","2023-07-31 08:01:48.148471","179.875158"
"121272","2023-07-31 08:01:49.143974","56.343535"
"121273","2023-07-31 08:01:50.146286","177.552922"
"121274","2023-07-31 08:01:51.145155","173.599489"
"121275","2023-07-31 08:01:52.136043","180.382654"
"121276","2023-07-31 08:01:53.150855","201.562459"
"121277","2023-07-31 08:01:54.144701","200.708044"
"121278","2023-07-31 08:01:55.139756","203.767041"
"121279","2023-07-31 08:01:56.139321","164.836735"
"121280","2023-07-31 08:01:57.148969","46.082989"
"121281","2023-07-31 08:01:58.148715","191.399408"
"121282","2023-07-31 08:01:59.141949","200.122503"
"121283","2023-07-31 08:02:00.143374","164.932921"
"121284","2023-07-31 08:02:01.148356","188.591214"
"121285","2023-07-31 08:02:02.148314","220.013984"
"121286","2023-07-31 08:02:03.149208","214.361922"
"121287","2023-07-31 08:02:04.14439","43.887716"
"121288","2023-07-31 08:02:05.140464","39.239596"
"121289","2023-07-31 08:02:06.149043","229.555076"
"121290","2023-07-31 08:02:07.135702","158.479047"
"121291","2023-07-31 08:02:08.149956","216.181699"
"121292","2023-07-31 08:02:09.142028","211.923776"
"121293","2023-07-31 08:02:10.154631","195.398691"
"121294","2023-07-31 08:02:11.138183","167.364248"
"121295","2023-07-31 08:02:12.143503","110.735006"
"121296","2023-07-31 08:02:13.14828","196.853578"
"121297","2023-07-31 08:02:14.138497","114.298521"
"121298","2023-07-31 08:02:15.1391","164.175828"
"121299","2023-07-31 08:02:16.154737","207.591186"
"121300","2023-07-31 08:02:17.147357","44.763167"
"121301","2023-07-31 08:02:18.150488","145.692149"
"121302","2023-07-31 08:02:19.143052","192.249981"
"121303","2023-07-31 08:02:20.154741","232.110865"
"121304","2023-07-31 08:02:21.155037","154.940971"
"121305","2023-07-31 08:02:22.146385","178.829362"
"121306","2023-07-31 08:02:23.145649","217.030174"
"121307","2023-07-31 08:02:24.139237","153.403532"
"121308","2023-07-31 08:02:25.153356","199.166719"
"121309","2023-07-31 08:02:26.157376","202.928971"
"121310","2023-07-31 08:02:27.152685","215.808036"
"121311","2023-07-31 08:02:28.148208","181.608085"
"121312","2023-07-31 08:02:29.142161","221.728633"
"121313","2023-07-31 08:02:30.155677","165.200045"
"121314","2023-07-31 08:02:31.154604","183.08225"
"121315","2023-07-31 08:02:32.159991","133.824764"
"121316","2023-07-31 08:02:33.150167","184.336373"
"121317","2023-07-31 08:02:34.149745","275.667413"
"121318","2023-07-31 08:02:35.150542","160.131974"
"121319","2023-07-31 08:02:36.136815","163.834683"
"121320","2023-07-31 08:02:37.135195","180.275536"
"121321","2023-07-31 08:02:38.14535","211.461933"
"121322","2023-07-31 08:02:39.134666","240.919115"
"121323","2023-07-31 08:02:40.137761","171.142665"
"121324","2023-07-31 08:02:41.15291","196.439629"
"121325","2023-07-31 08:02:42.143447","239.237369"
"121326","2023-07-31 08:02:43.142429","182.989752"
"121327","2023-07-31 08:02:44.149117","201.80288"
"121328","2023-07-31 08:02:45.13746","201.04624"
"121329","2023-07-31 08:02:46.144516","166.057806"
"121330","2023-07-31 08:02:47.14444","217.462235"
"121331","2023-07-31 08:02:48.144963","268.224266"
"121332","2023-07-31 08:02:49.147415","253.075424"
"121333","2023-07-31 08:02:50.14696","227.646307"
"121334","2023-07-31 08:02:51.143349","272.101661"
"121335","2023-07-31 08:02:52.156144","257.372489"
"121336","2023-07-31 08:02:53.144151","241.41028"
"121337","2023-07-31 08:02:54.147226","250.85"
"121338","2023-07-31 08:02:55.146874","261.722277"
"121339","2023-07-31 08:02:56.13381","341.331037"
"121340","2023-07-31 08:02:57.150716","204.021695"
"121341","2023-07-31 08:02:58.144824","224.83889"
"121342","2023-07-31 08:02:59.148462","229.068517"
"121343","2023-07-31 08:03:00.138932","249.8002"
"121344","2023-07-31 08:03:01.155493","253.94748"
"121345","2023-07-31 08:03:02.145259","221.852454"
"121346","2023-07-31 08:03:03.139865","248.667379"
"121347","2023-07-31 08:03:04.156817","259.271584"
"121348","2023-07-31 08:03:05.14155","261.387677"
"121349","2023-07-31 08:03:06.1413","264.197795"
"121350","2023-07-31 08:03:07.144509","256.286491"
"121351","2023-07-31 08:03:08.155125","247.190504"
"121352","2023-07-31 08:03:09.145771","245.745425"
"121353","2023-07-31 08:03:10.143206","244.998723"
"121354","2023-07-31 08:03:11.14953","238.735758"
"121355","2023-07-31 08:03:12.136674","232.561679"
"121356","2023-07-31 08:03:13.155894","241.844919"
"121357","2023-07-31 08:03:14.152008","227.83769"
"121358","2023-07-31 08:03:15.14008","238.077067"
"121359","2023-07-31 08:03:16.146314","254.711009"
"121360","2023-07-31 08:03:17.148473","209.211895"
"121361","2023-07-31 08:03:18.142323","230.100914"
"121362","2023-07-31 08:03:19.152152","215.685185"
"121363","2023-07-31 08:03:20.15438","239.045072"
"121364","2023-07-31 08:03:21.150666","184.77139"
"121365","2023-07-31 08:03:22.155713","224.948955"
"121366","2023-07-31 08:03:23.145834","277.193188"
"121367","2023-07-31 08:03:24.144402","277.222194"
"121368","2023-07-31 08:03:25.143214","283.613567"
"121369","2023-07-31 08:03:26.155683","240.328605"
"121370","2023-07-31 08:03:27.1414","285.631369"
"121371","2023-07-31 08:03:28.155568","252.307216"
"121372","2023-07-31 08:03:29.141148","281.867528"
"121373","2023-07-31 08:03:30.150643","245.741935"
"121374","2023-07-31 08:03:31.139774","256.269028"
"121375","2023-07-31 08:03:32.152515","242.197264"
"121376","2023-07-31 08:03:33.141947","259.574419"
"121377","2023-07-31 08:03:34.135553","301.023602"
"121378","2023-07-31 08:03:35.157842","258.386623"
"121379","2023-07-31 08:03:36.149183","272.290155"
"121380","2023-07-31 08:03:37.148589","299.146928"
"121381","2023-07-31 08:03:38.147503","297.935728"
"121382","2023-07-31 08:03:39.143787","302.489226"
"121383","2023-07-31 08:03:40.156078","297.465389"
"121384","2023-07-31 08:03:41.144598","297.406197"
"121385","2023-07-31 08:03:42.149806","297.911249"
"121386","2023-07-31 08:03:43.139437","292.239186"
"121387","2023-07-31 08:03:44.151924","290.133347"
"121388","2023-07-31 08:03:45.138583","155.191132"
"121389","2023-07-31 08:03:46.140777","248.879098"
"121390","2023-07-31 08:03:47.141753","291.801188"
"121391","2023-07-31 08:03:48.143866","265.340332"
"121392","2023-07-31 08:03:49.152718","292.558441"
"121393","2023-07-31 08:03:50.146624","120.823202"
"121394","2023-07-31 08:03:51.133332","289.275647"
"121395","2023-07-31 08:03:52.139798","289.786914"
"121396","2023-07-31 08:03:53.1524","288.804777"
"121397","2023-07-31 08:03:54.150437","147.815764"
"121398","2023-07-31 08:03:55.144487","282.708482"
"121399","2023-07-31 08:03:56.147307","276.824742"
"121400","2023-07-31 08:03:57.142103","66.917546"
"121401","2023-07-31 08:03:58.145749","144.659104"
"121402","2023-07-31 08:03:59.138349","44.590688"
"121403","2023-07-31 08:04:00.143171","46.121049"
"121404","2023-07-31 08:04:01.151201","72.138849"
"121405","2023-07-31 08:04:02.151801","120.14611"
"121406","2023-07-31 08:04:03.142089","210.78933"
"121407","2023-07-31 08:04:04.140223","107.262778"
"121408","2023-07-31 08:04:05.137821","142.335318"
"121409","2023-07-31 08:04:06.143603","191.34117"
"121410","2023-07-31 08:04:07.145694","60.058759"
"121411","2023-07-31 08:04:08.140463","204.226932"
"121412","2023-07-31 08:04:09.144688","109.033058"
"121413","2023-07-31 08:04:10.139624","195.68464"
"121414","2023-07-31 08:04:11.146982","93.691251"
"121415","2023-07-31 08:04:12.147352","255.698378"
"121416","2023-07-31 08:04:13.152176","81.634779"
"121417","2023-07-31 08:04:14.153749","207.104118"
"121418","2023-07-31 08:04:15.144461","211.110468"
"121419","2023-07-31 08:04:16.148472","179.515585"
"121420","2023-07-31 08:04:17.145232","193.682387"
"121421","2023-07-31 08:04:18.144115","101.284772"
"121422","2023-07-31 08:04:19.134872","249.156598"
"121423","2023-07-31 08:04:20.150115","249.538473"
"121424","2023-07-31 08:04:21.140392","216.276147"
"121425","2023-07-31 08:04:22.14314","103.272054"
"121426","2023-07-31 08:04:23.14689","169.077826"
"121427","2023-07-31 08:04:24.135216","84.400279"
"121428","2023-07-31 08:04:25.147307","223.200108"
"121429","2023-07-31 08:04:26.146075","236.974136"
"121430","2023-07-31 08:04:27.147868","208.378523"
"121431","2023-07-31 08:04:28.152769","188.191116"
"121432","2023-07-31 08:04:29.134634","193.10088"
"121433","2023-07-31 08:04:30.133453","92.196416"
"121434","2023-07-31 08:04:31.144271","203.559699"
"121435","2023-07-31 08:04:32.151138","184.449697"
"121436","2023-07-31 08:04:33.144897","229.667586"
"121437","2023-07-31 08:04:34.149886","238.0212"
"121438","2023-07-31 08:04:35.135293","219.849864"
"121439","2023-07-31 08:04:36.141605","178.516565"
"121440","2023-07-31 08:04:37.15014","69.829388"
"121441","2023-07-31 08:04:38.147864","170.726594"
"121442","2023-07-31 08:04:39.150299","216.143785"
"121443","2023-07-31 08:04:40.157246","230.807585"
"121444","2023-07-31 08:04:41.135722","81.606015"
"121445","2023-07-31 08:04:42.146827","80.81718"
"121446","2023-07-31 08:04:43.152224","210.490383"
"121447","2023-07-31 08:04:44.156361","185.343839"
"121448","2023-07-31 08:04:45.151247","226.867132"
"121449","2023-07-31 08:04:46.141005","204.614174"
"121450","2023-07-31 08:04:47.139279","92.665026"
"121451","2023-07-31 08:04:48.140866","102.639462"
"121452","2023-07-31 08:04:49.14714","226.865392"
"121453","2023-07-31 08:04:50.136779","207.270694"
"121454","2023-07-31 08:04:51.159893","186.386553"
"121455","2023-07-31 08:04:52.146395","220.913811"
"121456","2023-07-31 08:04:53.144295","88.084565"
"121457","2023-07-31 08:04:54.143208","161.228428"
"121458","2023-07-31 08:04:55.139026","78.311486"
"121459","2023-07-31 08:04:56.148312","217.469544"
"121460","2023-07-31 08:04:57.152095","94.396835"
"121461","2023-07-31 08:04:58.142468","213.177102"
"121462","2023-07-31 08:04:59.148722","166.032408"
"121463","2023-07-31 08:05:00.158624","75.348585"
"121464","2023-07-31 08:05:01.150829","92.019249"
"121465","2023-07-31 08:05:02.137955","167.971264"
"121466","2023-07-31 08:05:03.160896","194.055079"
"121467","2023-07-31 08:05:04.133702","204.697362"
"121468","2023-07-31 08:05:05.147691","188.183323"
"121469","2023-07-31 08:05:06.154089","194.545679"
"121471","2023-07-31 08:05:07.138659","74.71577"
"121472","2023-07-31 08:05:08.154296","87.234197"
"121474","2023-07-31 08:05:09.140155","79.439333"
"121475","2023-07-31 08:05:10.135266","92.095074"
"121476","2023-07-31 08:05:11.144094","103.22626"
"121477","2023-07-31 08:05:12.145473","96.963386"
"121478","2023-07-31 08:05:13.143343","80.035137"
"121479","2023-07-31 08:05:14.148987","97.110342"
"121480","2023-07-31 08:05:15.150332","95.535437"
